weather_id,timestamp,temperature_celsius,humidity_percent,rain_mm,wind_speed_kmh,weather_condition,city
1,2026-06-15T22:24:49.028805+00:00,35.7,78.2,0.0,23.01,Sunny,Cairo
2,2026-06-15T23:24:49.028805+00:00,34.9,64.3,0.0,17.73,Sunny,Cairo
3,2026-06-16T00:24:49.028805+00:00,33.1,61.0,0.0,24.0,Sunny,Cairo
4,2026-06-16T01:24:49.028805+00:00,32.7,64.2,0.0,5.57,Sunny,Cairo
5,2026-06-16T02:24:49.028805+00:00,29.9,65.2,0.0,24.98,Sunny,Cairo
6,2026-06-16T03:24:49.028805+00:00,28.1,47.2,0.0,10.28,Sunny,Cairo
7,2026-06-16T04:24:49.028805+00:00,27.0,47.5,0.0,20.77,Sunny,Cairo
8,2026-06-16T05:24:49.028805+00:00,29.9,77.4,0.0,20.02,Sunny,Cairo
9,2026-06-16T06:24:49.028805+00:00,33.0,47.7,0.0,21.88,Sunny,Cairo
10,2026-06-16T07:24:49.028805+00:00,33.5,59.5,0.0,11.86,Sunny,Cairo
11,2026-06-16T08:24:49.028805+00:00,32.2,65.3,0.0,7.6,Sunny,Cairo
12,2026-06-16T09:24:49.028805+00:00,34.1,76.2,6.35,7.06,Rainy,Cairo
13,2026-06-16T10:24:49.028805+00:00,33.9,46.2,0.0,29.91,Sunny,Cairo
14,2026-06-16T11:24:49.028805+00:00,35.0,67.4,0.0,24.45,Sunny,Cairo
15,2026-06-16T12:24:49.028805+00:00,40.1,35.2,0.0,7.72,Sunny,Cairo
16,2026-06-16T13:24:49.028805+00:00,41.5,36.9,0.0,17.39,Sunny,Cairo
17,2026-06-16T14:24:49.028805+00:00,38.5,51.3,0.0,16.32,Sunny,Cairo
18,2026-06-16T15:24:49.028805+00:00,40.0,77.7,0.0,18.66,Sunny,Cairo
19,2026-06-16T16:24:49.028805+00:00,41.9,40.8,0.0,26.43,Sunny,Cairo
20,2026-06-16T17:24:49.028805+00:00,32.3,39.2,0.0,9.93,Sunny,Cairo
21,2026-06-16T18:24:49.028805+00:00,33.2,51.4,0.0,18.75,Sunny,Cairo
22,2026-06-16T19:24:49.028805+00:00,35.7,78.2,0.0,12.42,Sunny,Cairo
23,2026-06-16T20:24:49.028805+00:00,33.3,61.9,0.0,29.89,Sunny,Cairo
24,2026-06-16T21:24:49.028805+00:00,32.1,64.6,0.0,11.61,Sunny,Cairo
25,2026-06-16T22:24:49.028805+00:00,32.8,36.2,0.0,17.05,Sunny,Cairo
26,2026-06-16T23:24:49.028805+00:00,33.8,38.9,0.0,13.83,Sunny,Cairo
27,2026-06-17T00:24:49.028805+00:00,35.6,47.9,0.0,17.06,Sunny,Cairo
28,2026-06-17T01:24:49.028805+00:00,32.4,55.8,0.0,23.81,Sunny,Cairo
29,2026-06-17T02:24:49.028805+00:00,27.5,61.2,0.0,21.07,Sunny,Cairo
30,2026-06-17T03:24:49.028805+00:00,26.6,79.2,0.0,13.24,Sunny,Cairo
31,2026-06-17T04:24:49.028805+00:00,28.0,55.1,0.0,29.66,Sunny,Cairo
32,2026-06-17T05:24:49.028805+00:00,29.4,37.9,0.0,17.69,Sunny,Cairo
33,2026-06-17T06:24:49.028805+00:00,33.5,52.2,0.0,15.09,Sunny,Cairo
34,2026-06-17T07:24:49.028805+00:00,32.5,36.8,0.0,15.59,Sunny,Cairo
35,2026-06-17T08:24:49.028805+00:00,35.1,42.1,0.0,22.5,Sunny,Cairo
36,2026-06-17T09:24:49.028805+00:00,34.4,43.0,0.0,16.69,Sunny,Cairo
37,2026-06-17T10:24:49.028805+00:00,35.9,46.9,0.0,17.28,Sunny,Cairo
38,2026-06-17T11:24:49.028805+00:00,34.9,68.9,0.0,16.39,Sunny,Cairo
39,2026-06-17T12:24:49.028805+00:00,38.1,50.3,0.0,10.27,Sunny,Cairo
40,2026-06-17T13:24:49.028805+00:00,38.9,54.3,4.67,21.32,Rainy,Cairo
41,2026-06-17T14:24:49.028805+00:00,40.5,72.4,0.0,14.93,Sunny,Cairo
42,2026-06-17T15:24:49.028805+00:00,38.5,68.2,0.0,21.31,Sunny,Cairo
43,2026-06-17T16:24:49.028805+00:00,41.7,66.9,0.0,25.37,Sunny,Cairo
44,2026-06-17T17:24:49.028805+00:00,32.1,58.5,0.0,29.7,Sunny,Cairo
45,2026-06-17T18:24:49.028805+00:00,32.9,45.3,0.0,21.04,Sunny,Cairo
46,2026-06-17T19:24:49.028805+00:00,35.5,37.7,0.0,8.2,Sunny,Cairo
47,2026-06-17T20:24:49.028805+00:00,34.3,53.3,0.0,25.26,Sunny,Cairo
48,2026-06-17T21:24:49.028805+00:00,33.7,54.6,0.0,9.45,Sunny,Cairo
49,2026-06-17T22:24:49.028805+00:00,35.3,56.5,0.0,13.86,Sunny,Cairo
50,2026-06-17T23:24:49.028805+00:00,35.7,56.1,0.0,6.67,Sunny,Cairo
51,2026-06-18T00:24:49.028805+00:00,35.8,62.2,0.0,22.67,Sunny,Cairo
52,2026-06-18T01:24:49.028805+00:00,34.9,50.9,0.0,19.69,Sunny,Cairo
53,2026-06-18T02:24:49.028805+00:00,29.0,77.1,0.0,7.51,Sunny,Cairo
54,2026-06-18T03:24:49.028805+00:00,29.7,63.4,0.0,27.17,Sunny,Cairo
55,2026-06-18T04:24:49.028805+00:00,28.1,61.2,0.0,7.05,Sunny,Cairo
56,2026-06-18T05:24:49.028805+00:00,27.4,59.4,0.0,13.85,Sunny,Cairo
57,2026-06-18T06:24:49.028805+00:00,35.0,76.3,0.0,15.06,Sunny,Cairo
58,2026-06-18T07:24:49.028805+00:00,34.6,74.4,0.0,26.62,Sunny,Cairo
59,2026-06-18T08:24:49.028805+00:00,33.0,64.7,0.0,19.24,Sunny,Cairo
60,2026-06-18T09:24:49.028805+00:00,35.4,51.8,0.0,11.26,Sunny,Cairo
61,2026-06-18T10:24:49.028805+00:00,32.9,50.2,0.0,22.82,Sunny,Cairo
62,2026-06-18T11:24:49.028805+00:00,34.1,59.4,0.0,16.41,Sunny,Cairo
63,2026-06-18T12:24:49.028805+00:00,39.0,46.1,0.0,10.82,Sunny,Cairo
64,2026-06-18T13:24:49.028805+00:00,39.7,42.1,0.0,23.21,Sunny,Cairo
65,2026-06-18T14:24:49.028805+00:00,38.1,52.4,0.0,12.99,Sunny,Cairo
66,2026-06-18T15:24:49.028805+00:00,39.0,60.5,0.0,18.29,Sunny,Cairo
67,2026-06-18T16:24:49.028805+00:00,41.3,37.8,0.0,18.31,Sunny,Cairo
68,2026-06-18T17:24:49.028805+00:00,33.6,52.2,0.0,7.95,Sunny,Cairo
69,2026-06-18T18:24:49.028805+00:00,34.0,50.5,0.0,28.88,Sunny,Cairo
70,2026-06-18T19:24:49.028805+00:00,33.6,64.6,0.0,10.12,Sunny,Cairo
71,2026-06-18T20:24:49.028805+00:00,34.0,66.6,0.0,20.7,Sunny,Cairo
72,2026-06-18T21:24:49.028805+00:00,34.6,52.9,0.0,19.96,Sunny,Cairo
73,2026-06-18T22:24:49.028805+00:00,34.0,79.6,0.0,8.0,Sunny,Cairo
74,2026-06-18T23:24:49.028805+00:00,35.3,64.7,0.0,19.4,Sunny,Cairo
75,2026-06-19T00:24:49.028805+00:00,33.8,42.1,0.0,24.89,Sunny,Cairo
76,2026-06-19T01:24:49.028805+00:00,35.3,67.0,0.0,25.48,Sunny,Cairo
77,2026-06-19T02:24:49.028805+00:00,27.7,72.5,0.0,13.98,Sunny,Cairo
78,2026-06-19T03:24:49.028805+00:00,26.2,37.5,0.0,10.62,Sunny,Cairo
79,2026-06-19T04:24:49.028805+00:00,28.2,52.2,0.0,22.94,Sunny,Cairo
80,2026-06-19T05:24:49.028805+00:00,28.7,55.2,0.0,15.63,Sunny,Cairo
81,2026-06-19T06:24:49.028805+00:00,33.5,47.2,0.0,16.86,Sunny,Cairo
82,2026-06-19T07:24:49.028805+00:00,35.5,62.3,0.0,17.72,Sunny,Cairo
83,2026-06-19T08:24:49.028805+00:00,35.8,72.6,0.0,18.61,Sunny,Cairo
84,2026-06-19T09:24:49.028805+00:00,32.5,37.9,0.0,6.43,Sunny,Cairo
85,2026-06-19T10:24:49.028805+00:00,32.9,64.8,0.0,9.69,Sunny,Cairo
86,2026-06-19T11:24:49.028805+00:00,32.6,36.5,0.0,14.68,Sunny,Cairo
87,2026-06-19T12:24:49.028805+00:00,38.3,66.1,0.0,24.5,Sunny,Cairo
88,2026-06-19T13:24:49.028805+00:00,40.5,51.4,0.0,15.25,Sunny,Cairo
89,2026-06-19T14:24:49.028805+00:00,40.5,35.2,0.0,20.49,Sunny,Cairo
90,2026-06-19T15:24:49.028805+00:00,41.8,73.4,0.0,16.42,Sunny,Cairo
91,2026-06-19T16:24:49.028805+00:00,38.6,57.6,0.0,7.46,Sunny,Cairo
92,2026-06-19T17:24:49.028805+00:00,33.1,38.3,0.0,15.47,Sunny,Cairo
93,2026-06-19T18:24:49.028805+00:00,34.7,48.8,0.0,8.67,Sunny,Cairo
94,2026-06-19T19:24:49.028805+00:00,32.2,61.4,0.0,5.32,Sunny,Cairo
95,2026-06-19T20:24:49.028805+00:00,33.1,43.9,0.0,12.66,Sunny,Cairo
96,2026-06-19T21:24:49.028805+00:00,35.2,68.9,0.0,9.14,Sunny,Cairo
97,2026-06-19T22:24:49.028805+00:00,32.6,76.1,0.0,16.91,Sunny,Cairo
98,2026-06-19T23:24:49.028805+00:00,32.3,45.9,0.0,12.41,Sunny,Cairo
99,2026-06-20T00:24:49.028805+00:00,32.1,44.2,0.0,24.08,Sunny,Cairo
100,2026-06-20T01:24:49.028805+00:00,35.5,70.0,0.0,21.93,Sunny,Cairo
101,2026-06-20T02:24:49.028805+00:00,28.7,37.1,0.0,28.51,Sunny,Cairo
102,2026-06-20T03:24:49.028805+00:00,28.6,66.3,0.0,5.05,Sunny,Cairo
103,2026-06-20T04:24:49.028805+00:00,29.9,79.4,0.0,19.42,Sunny,Cairo
104,2026-06-20T05:24:49.028805+00:00,26.9,49.1,0.0,6.48,Sunny,Cairo
105,2026-06-20T06:24:49.028805+00:00,34.0,59.8,0.0,19.7,Sunny,Cairo
106,2026-06-20T07:24:49.028805+00:00,32.4,69.6,0.0,25.1,Sunny,Cairo
107,2026-06-20T08:24:49.028805+00:00,32.7,35.2,0.0,27.0,Sunny,Cairo
108,2026-06-20T09:24:49.028805+00:00,33.5,46.3,0.0,19.7,Sunny,Cairo
109,2026-06-20T10:24:49.028805+00:00,34.4,36.2,0.0,25.18,Sunny,Cairo
110,2026-06-20T11:24:49.028805+00:00,32.3,61.6,0.0,8.66,Sunny,Cairo
111,2026-06-20T12:24:49.028805+00:00,40.8,73.2,0.0,24.87,Sunny,Cairo
112,2026-06-20T13:24:49.028805+00:00,41.4,74.5,0.0,27.65,Sunny,Cairo
113,2026-06-20T14:24:49.028805+00:00,38.4,69.4,0.0,29.91,Sunny,Cairo
114,2026-06-20T15:24:49.028805+00:00,39.2,46.1,0.0,23.93,Sunny,Cairo
115,2026-06-20T16:24:49.028805+00:00,38.1,61.3,0.0,27.77,Sunny,Cairo
116,2026-06-20T17:24:49.028805+00:00,33.9,79.1,0.0,24.35,Sunny,Cairo
117,2026-06-20T18:24:49.028805+00:00,32.4,38.7,0.0,14.5,Sunny,Cairo
118,2026-06-20T19:24:49.028805+00:00,32.9,66.6,0.0,10.01,Sunny,Cairo
119,2026-06-20T20:24:49.028805+00:00,35.9,35.4,0.0,14.58,Sunny,Cairo
120,2026-06-20T21:24:49.028805+00:00,35.3,72.5,0.0,22.67,Sunny,Cairo
121,2026-06-20T22:24:49.028805+00:00,35.1,38.8,0.0,16.17,Sunny,Cairo
122,2026-06-20T23:24:49.028805+00:00,33.7,74.4,0.0,25.83,Sunny,Cairo
123,2026-06-21T00:24:49.028805+00:00,33.8,76.4,0.0,19.52,Sunny,Cairo
124,2026-06-21T01:24:49.028805+00:00,33.4,72.9,0.0,17.44,Sunny,Cairo
125,2026-06-21T02:24:49.028805+00:00,26.3,65.0,0.0,28.29,Sunny,Cairo
126,2026-06-21T03:24:49.028805+00:00,28.6,64.8,0.0,11.23,Sunny,Cairo
127,2026-06-21T04:24:49.028805+00:00,28.3,55.2,0.0,21.22,Sunny,Cairo
128,2026-06-21T05:24:49.028805+00:00,29.6,79.4,0.0,28.02,Sunny,Cairo
129,2026-06-21T06:24:49.028805+00:00,32.4,75.1,0.0,24.14,Sunny,Cairo
130,2026-06-21T07:24:49.028805+00:00,34.5,50.1,0.0,13.57,Sunny,Cairo
131,2026-06-21T08:24:49.028805+00:00,35.9,49.6,0.0,15.39,Sunny,Cairo
132,2026-06-21T09:24:49.028805+00:00,33.6,59.9,0.0,17.52,Sunny,Cairo
133,2026-06-21T10:24:49.028805+00:00,32.4,37.7,0.0,19.23,Sunny,Cairo
134,2026-06-21T11:24:49.028805+00:00,32.0,63.3,0.0,17.54,Sunny,Cairo
135,2026-06-21T12:24:49.028805+00:00,38.6,57.4,0.0,9.72,Sunny,Cairo
136,2026-06-21T13:24:49.028805+00:00,40.7,62.0,0.0,18.61,Sunny,Cairo
137,2026-06-21T14:24:49.028805+00:00,40.9,46.1,0.0,18.75,Sunny,Cairo
138,2026-06-21T15:24:49.028805+00:00,39.1,49.5,0.0,10.94,Sunny,Cairo
139,2026-06-21T16:24:49.028805+00:00,40.4,56.4,0.0,29.82,Sunny,Cairo
140,2026-06-21T17:24:49.028805+00:00,33.0,44.0,0.0,18.79,Sunny,Cairo
141,2026-06-21T18:24:49.028805+00:00,35.5,37.6,0.0,23.58,Sunny,Cairo
142,2026-06-21T19:24:49.028805+00:00,33.6,60.8,0.0,9.11,Sunny,Cairo
143,2026-06-21T20:24:49.028805+00:00,34.4,55.2,0.0,11.21,Sunny,Cairo
144,2026-06-21T21:24:49.028805+00:00,35.0,71.4,0.0,24.66,Sunny,Cairo
145,2026-06-21T22:24:49.028805+00:00,32.0,47.4,0.0,19.05,Sunny,Cairo
146,2026-06-21T23:24:49.028805+00:00,35.9,65.9,0.0,7.99,Sunny,Cairo
147,2026-06-22T00:24:49.028805+00:00,35.5,51.4,0.0,14.81,Sunny,Cairo
148,2026-06-22T01:24:49.028805+00:00,35.7,67.1,0.0,19.11,Sunny,Cairo
149,2026-06-22T02:24:49.028805+00:00,28.1,64.4,0.0,18.35,Sunny,Cairo
150,2026-06-22T03:24:49.028805+00:00,27.5,74.6,0.0,27.86,Sunny,Cairo
151,2026-06-22T04:24:49.028805+00:00,26.2,44.9,0.0,26.45,Sunny,Cairo
152,2026-06-22T05:24:49.028805+00:00,28.3,52.0,0.0,11.24,Sunny,Cairo
153,2026-06-22T06:24:49.028805+00:00,32.4,57.9,0.0,6.53,Sunny,Cairo
154,2026-06-22T07:24:49.028805+00:00,32.8,77.6,0.0,15.91,Sunny,Cairo
155,2026-06-22T08:24:49.028805+00:00,32.6,64.2,0.0,28.06,Sunny,Cairo
156,2026-06-22T09:24:49.028805+00:00,33.7,73.7,0.0,13.85,Sunny,Cairo
157,2026-06-22T10:24:49.028805+00:00,33.4,48.7,0.0,21.06,Sunny,Cairo
158,2026-06-22T11:24:49.028805+00:00,34.3,51.9,0.0,29.54,Sunny,Cairo
159,2026-06-22T12:24:49.028805+00:00,38.0,66.9,0.0,28.26,Sunny,Cairo
160,2026-06-22T13:24:49.028805+00:00,40.3,41.6,0.0,9.2,Sunny,Cairo
161,2026-06-22T14:24:49.028805+00:00,39.8,42.9,0.0,29.4,Sunny,Cairo
162,2026-06-22T15:24:49.028805+00:00,38.9,75.9,0.0,20.8,Sunny,Cairo
163,2026-06-22T16:24:49.028805+00:00,40.0,60.2,0.0,8.0,Sunny,Cairo
164,2026-06-22T17:24:49.028805+00:00,32.5,46.0,0.0,7.93,Sunny,Cairo
165,2026-06-22T18:24:49.028805+00:00,35.0,57.4,0.0,21.54,Sunny,Cairo
166,2026-06-22T19:24:49.028805+00:00,35.9,46.0,0.0,20.12,Sunny,Cairo
167,2026-06-22T20:24:49.028805+00:00,33.2,43.4,0.0,14.15,Sunny,Cairo
168,2026-06-22T21:24:49.028805+00:00,33.5,75.0,0.0,16.81,Sunny,Cairo
169,2026-06-22T22:24:49.028805+00:00,34.0,70.3,0.0,19.86,Sunny,Cairo
170,2026-06-22T23:24:49.028805+00:00,34.2,44.0,0.0,13.71,Sunny,Cairo
171,2026-06-23T00:24:49.028805+00:00,33.6,49.2,0.0,20.88,Sunny,Cairo
172,2026-06-23T01:24:49.028805+00:00,33.5,37.2,0.0,9.65,Sunny,Cairo
173,2026-06-23T02:24:49.028805+00:00,29.0,60.9,0.0,27.65,Sunny,Cairo
174,2026-06-23T03:24:49.028805+00:00,27.5,54.4,0.0,16.16,Sunny,Cairo
175,2026-06-23T04:24:49.028805+00:00,26.2,61.4,0.0,16.16,Sunny,Cairo
176,2026-06-23T05:24:49.028805+00:00,29.2,51.8,0.0,14.69,Sunny,Cairo
177,2026-06-23T06:24:49.028805+00:00,33.8,46.1,0.0,29.33,Sunny,Cairo
178,2026-06-23T07:24:49.028805+00:00,34.9,77.3,0.0,11.44,Sunny,Cairo
179,2026-06-23T08:24:49.028805+00:00,33.6,75.9,0.0,17.06,Sunny,Cairo
180,2026-06-23T09:24:49.028805+00:00,34.5,43.5,0.0,5.69,Sunny,Cairo
181,2026-06-23T10:24:49.028805+00:00,35.2,78.1,0.0,26.26,Sunny,Cairo
182,2026-06-23T11:24:49.028805+00:00,33.1,48.2,0.0,20.9,Sunny,Cairo
183,2026-06-23T12:24:49.028805+00:00,38.3,44.2,0.0,22.64,Sunny,Cairo
184,2026-06-23T13:24:49.028805+00:00,38.5,71.9,0.0,13.49,Sunny,Cairo
185,2026-06-23T14:24:49.028805+00:00,38.2,35.6,0.0,15.9,Sunny,Cairo
186,2026-06-23T15:24:49.028805+00:00,38.7,45.1,0.0,24.14,Sunny,Cairo
187,2026-06-23T16:24:49.028805+00:00,38.7,63.0,0.0,29.56,Sunny,Cairo
188,2026-06-23T17:24:49.028805+00:00,33.2,55.5,0.0,16.79,Sunny,Cairo
189,2026-06-23T18:24:49.028805+00:00,33.8,50.6,0.0,22.14,Sunny,Cairo
190,2026-06-23T19:24:49.028805+00:00,33.5,35.8,0.0,10.37,Sunny,Cairo
191,2026-06-23T20:24:49.028805+00:00,33.7,45.2,0.0,9.33,Sunny,Cairo
192,2026-06-23T21:24:49.028805+00:00,35.9,62.3,0.0,20.72,Sunny,Cairo
193,2026-06-23T22:24:49.028805+00:00,35.3,44.5,0.0,25.04,Sunny,Cairo
194,2026-06-23T23:24:49.028805+00:00,33.5,65.0,0.0,22.53,Sunny,Cairo
195,2026-06-24T00:24:49.028805+00:00,34.4,43.6,0.0,7.57,Sunny,Cairo
196,2026-06-24T01:24:49.028805+00:00,35.5,49.1,0.0,16.56,Sunny,Cairo
197,2026-06-24T02:24:49.028805+00:00,30.0,39.3,0.0,26.97,Sunny,Cairo
198,2026-06-24T03:24:49.028805+00:00,26.1,53.8,0.0,21.24,Sunny,Cairo
199,2026-06-24T04:24:49.028805+00:00,29.7,52.5,0.0,20.85,Sunny,Cairo
200,2026-06-24T05:24:49.028805+00:00,27.7,36.9,4.09,27.95,Rainy,Cairo
201,2026-06-24T06:24:49.028805+00:00,34.6,39.6,0.0,11.01,Sunny,Cairo
202,2026-06-24T07:24:49.028805+00:00,34.8,70.0,0.0,19.03,Sunny,Cairo
203,2026-06-24T08:24:49.028805+00:00,33.3,37.9,0.0,17.5,Sunny,Cairo
204,2026-06-24T09:24:49.028805+00:00,33.0,51.0,0.0,9.36,Sunny,Cairo
205,2026-06-24T10:24:49.028805+00:00,33.3,63.6,0.0,11.49,Sunny,Cairo
206,2026-06-24T11:24:49.028805+00:00,32.9,70.9,0.0,20.3,Sunny,Cairo
207,2026-06-24T12:24:49.028805+00:00,40.0,54.9,0.0,7.28,Sunny,Cairo
208,2026-06-24T13:24:49.028805+00:00,40.9,56.1,0.0,25.05,Sunny,Cairo
209,2026-06-24T14:24:49.028805+00:00,41.7,43.4,0.0,27.9,Sunny,Cairo
210,2026-06-24T15:24:49.028805+00:00,38.0,67.0,0.0,17.26,Sunny,Cairo
211,2026-06-24T16:24:49.028805+00:00,39.7,59.9,0.0,25.83,Sunny,Cairo
212,2026-06-24T17:24:49.028805+00:00,33.7,76.0,0.0,24.89,Sunny,Cairo
213,2026-06-24T18:24:49.028805+00:00,33.8,56.1,0.0,18.37,Sunny,Cairo
214,2026-06-24T19:24:49.028805+00:00,33.9,52.8,0.0,7.59,Sunny,Cairo
215,2026-06-24T20:24:49.028805+00:00,33.1,44.0,0.0,6.05,Sunny,Cairo
216,2026-06-24T21:24:49.028805+00:00,35.6,71.4,0.0,7.85,Sunny,Cairo
217,2026-06-24T22:24:49.028805+00:00,34.6,47.0,0.0,15.14,Sunny,Cairo
218,2026-06-24T23:24:49.028805+00:00,34.5,66.0,0.0,14.83,Sunny,Cairo
219,2026-06-25T00:24:49.028805+00:00,35.2,71.9,0.0,14.28,Sunny,Cairo
220,2026-06-25T01:24:49.028805+00:00,33.7,48.3,0.0,29.5,Sunny,Cairo
221,2026-06-25T02:24:49.028805+00:00,28.8,47.6,0.0,11.68,Sunny,Cairo
222,2026-06-25T03:24:49.028805+00:00,28.2,72.0,0.0,19.03,Sunny,Cairo
223,2026-06-25T04:24:49.028805+00:00,28.2,59.1,0.0,14.04,Sunny,Cairo
224,2026-06-25T05:24:49.028805+00:00,28.7,51.5,0.0,9.7,Sunny,Cairo
225,2026-06-25T06:24:49.028805+00:00,33.9,72.3,0.0,13.68,Sunny,Cairo
226,2026-06-25T07:24:49.028805+00:00,35.4,47.3,0.0,14.22,Sunny,Cairo
227,2026-06-25T08:24:49.028805+00:00,34.3,39.7,0.0,22.68,Sunny,Cairo
228,2026-06-25T09:24:49.028805+00:00,34.9,45.8,0.0,14.65,Sunny,Cairo
229,2026-06-25T10:24:49.028805+00:00,34.5,62.4,0.0,15.54,Sunny,Cairo
230,2026-06-25T11:24:49.028805+00:00,33.5,51.5,0.0,24.94,Sunny,Cairo
231,2026-06-25T12:24:49.028805+00:00,38.0,68.2,0.0,13.1,Sunny,Cairo
232,2026-06-25T13:24:49.028805+00:00,40.0,47.9,0.0,20.96,Sunny,Cairo
233,2026-06-25T14:24:49.028805+00:00,38.2,75.5,0.0,8.19,Sunny,Cairo
234,2026-06-25T15:24:49.028805+00:00,39.0,75.7,0.0,7.86,Sunny,Cairo
235,2026-06-25T16:24:49.028805+00:00,40.3,40.8,0.0,8.1,Sunny,Cairo
236,2026-06-25T17:24:49.028805+00:00,35.0,71.7,0.0,12.7,Sunny,Cairo
237,2026-06-25T18:24:49.028805+00:00,35.7,35.7,0.0,15.86,Sunny,Cairo
238,2026-06-25T19:24:49.028805+00:00,34.2,67.8,0.0,25.88,Sunny,Cairo
239,2026-06-25T20:24:49.028805+00:00,35.4,47.0,0.0,19.01,Sunny,Cairo
240,2026-06-25T21:24:49.028805+00:00,34.3,38.0,0.0,20.01,Sunny,Cairo
241,2026-06-25T22:24:49.028805+00:00,32.8,62.7,0.0,8.23,Sunny,Cairo
242,2026-06-25T23:24:49.028805+00:00,36.0,60.1,0.0,8.46,Sunny,Cairo
243,2026-06-26T00:24:49.028805+00:00,32.1,65.3,0.0,18.03,Sunny,Cairo
244,2026-06-26T01:24:49.028805+00:00,33.0,59.8,0.0,10.74,Sunny,Cairo
245,2026-06-26T02:24:49.028805+00:00,28.3,41.7,0.0,24.52,Sunny,Cairo
246,2026-06-26T03:24:49.028805+00:00,27.4,35.2,0.0,5.83,Sunny,Cairo
247,2026-06-26T04:24:49.028805+00:00,26.7,60.3,0.0,15.65,Sunny,Cairo
248,2026-06-26T05:24:49.028805+00:00,26.4,79.0,0.0,14.59,Sunny,Cairo
249,2026-06-26T06:24:49.028805+00:00,35.1,60.6,0.0,19.2,Sunny,Cairo
250,2026-06-26T07:24:49.028805+00:00,33.2,62.2,0.0,7.8,Sunny,Cairo
251,2026-06-26T08:24:49.028805+00:00,33.7,41.8,0.0,13.49,Sunny,Cairo
252,2026-06-26T09:24:49.028805+00:00,32.2,65.7,0.0,18.18,Sunny,Cairo
253,2026-06-26T10:24:49.028805+00:00,32.1,54.2,0.0,13.02,Sunny,Cairo
254,2026-06-26T11:24:49.028805+00:00,34.5,54.5,0.0,26.72,Sunny,Cairo
255,2026-06-26T12:24:49.028805+00:00,38.4,43.0,0.0,29.12,Sunny,Cairo
256,2026-06-26T13:24:49.028805+00:00,40.7,65.9,0.0,28.16,Sunny,Cairo
257,2026-06-26T14:24:49.028805+00:00,40.1,49.5,0.0,27.38,Sunny,Cairo
258,2026-06-26T15:24:49.028805+00:00,40.4,63.9,0.0,7.12,Sunny,Cairo
259,2026-06-26T16:24:49.028805+00:00,38.5,67.6,0.0,7.68,Sunny,Cairo
260,2026-06-26T17:24:49.028805+00:00,33.4,48.5,0.0,7.85,Sunny,Cairo
261,2026-06-26T18:24:49.028805+00:00,32.8,70.6,0.0,25.86,Sunny,Cairo
262,2026-06-26T19:24:49.028805+00:00,35.0,36.6,0.0,23.57,Sunny,Cairo
263,2026-06-26T20:24:49.028805+00:00,35.1,72.2,0.0,11.47,Sunny,Cairo
264,2026-06-26T21:24:49.028805+00:00,35.8,37.1,0.0,14.62,Sunny,Cairo
265,2026-06-26T22:24:49.028805+00:00,35.5,58.4,0.0,17.7,Sunny,Cairo
266,2026-06-26T23:24:49.028805+00:00,34.2,72.2,0.0,22.54,Sunny,Cairo
267,2026-06-27T00:24:49.028805+00:00,35.0,73.0,0.0,27.51,Sunny,Cairo
268,2026-06-27T01:24:49.028805+00:00,34.0,47.0,0.0,11.62,Sunny,Cairo
269,2026-06-27T02:24:49.028805+00:00,28.1,54.4,0.0,9.64,Sunny,Cairo
270,2026-06-27T03:24:49.028805+00:00,29.1,51.8,0.0,7.29,Sunny,Cairo
271,2026-06-27T04:24:49.028805+00:00,29.9,44.1,0.0,14.38,Sunny,Cairo
272,2026-06-27T05:24:49.028805+00:00,27.9,50.5,0.0,11.17,Sunny,Cairo
273,2026-06-27T06:24:49.028805+00:00,35.2,40.8,0.0,26.66,Sunny,Cairo
274,2026-06-27T07:24:49.028805+00:00,33.1,63.2,0.0,8.78,Sunny,Cairo
275,2026-06-27T08:24:49.028805+00:00,32.9,75.4,0.0,11.07,Sunny,Cairo
276,2026-06-27T09:24:49.028805+00:00,35.6,57.3,0.0,5.21,Sunny,Cairo
277,2026-06-27T10:24:49.028805+00:00,34.5,36.8,0.0,16.38,Sunny,Cairo
278,2026-06-27T11:24:49.028805+00:00,34.1,48.7,0.0,9.88,Sunny,Cairo
279,2026-06-27T12:24:49.028805+00:00,38.3,49.2,0.0,10.86,Sunny,Cairo
280,2026-06-27T13:24:49.028805+00:00,39.3,62.3,0.0,26.1,Sunny,Cairo
281,2026-06-27T14:24:49.028805+00:00,40.2,48.1,0.0,10.15,Sunny,Cairo
282,2026-06-27T15:24:49.028805+00:00,41.8,64.6,0.0,18.08,Sunny,Cairo
283,2026-06-27T16:24:49.028805+00:00,38.5,64.2,0.0,18.69,Sunny,Cairo
284,2026-06-27T17:24:49.028805+00:00,35.7,49.5,0.0,19.55,Sunny,Cairo
285,2026-06-27T18:24:49.028805+00:00,32.9,78.8,0.0,8.91,Sunny,Cairo
286,2026-06-27T19:24:49.028805+00:00,33.7,38.1,0.0,16.72,Sunny,Cairo
287,2026-06-27T20:24:49.028805+00:00,33.5,37.8,0.0,6.89,Sunny,Cairo
288,2026-06-27T21:24:49.028805+00:00,34.8,79.1,0.0,24.57,Sunny,Cairo
289,2026-06-27T22:24:49.028805+00:00,35.7,41.8,0.0,10.48,Sunny,Cairo
290,2026-06-27T23:24:49.028805+00:00,33.0,57.1,0.0,5.52,Sunny,Cairo
291,2026-06-28T00:24:49.028805+00:00,34.4,69.0,0.0,21.77,Sunny,Cairo
292,2026-06-28T01:24:49.028805+00:00,35.3,43.7,0.0,29.32,Sunny,Cairo
293,2026-06-28T02:24:49.028805+00:00,27.5,72.4,0.0,8.52,Sunny,Cairo
294,2026-06-28T03:24:49.028805+00:00,28.3,45.2,0.0,20.5,Sunny,Cairo
295,2026-06-28T04:24:49.028805+00:00,30.0,67.3,0.0,25.61,Sunny,Cairo
296,2026-06-28T05:24:49.028805+00:00,26.6,68.8,0.0,27.44,Sunny,Cairo
297,2026-06-28T06:24:49.028805+00:00,35.4,46.2,0.0,22.21,Sunny,Cairo
298,2026-06-28T07:24:49.028805+00:00,33.2,67.3,0.0,17.36,Sunny,Cairo
299,2026-06-28T08:24:49.028805+00:00,32.0,43.0,0.0,7.41,Sunny,Cairo
300,2026-06-28T09:24:49.028805+00:00,35.8,75.6,0.0,17.51,Sunny,Cairo
301,2026-06-28T10:24:49.028805+00:00,33.1,37.5,0.0,9.95,Sunny,Cairo
302,2026-06-28T11:24:49.028805+00:00,34.3,77.7,0.0,17.71,Sunny,Cairo
303,2026-06-28T12:24:49.028805+00:00,41.6,60.6,0.0,15.22,Sunny,Cairo
304,2026-06-28T13:24:49.028805+00:00,41.7,61.0,0.0,12.56,Sunny,Cairo
305,2026-06-28T14:24:49.028805+00:00,40.5,47.8,0.0,22.01,Sunny,Cairo
306,2026-06-28T15:24:49.028805+00:00,41.0,40.6,0.0,19.79,Sunny,Cairo
307,2026-06-28T16:24:49.028805+00:00,38.9,79.2,0.0,13.38,Sunny,Cairo
308,2026-06-28T17:24:49.028805+00:00,35.1,67.2,0.0,5.8,Sunny,Cairo
309,2026-06-28T18:24:49.028805+00:00,33.2,74.8,0.0,12.48,Sunny,Cairo
310,2026-06-28T19:24:49.028805+00:00,33.7,61.8,0.0,14.63,Sunny,Cairo
311,2026-06-28T20:24:49.028805+00:00,32.2,60.3,0.0,26.35,Sunny,Cairo
312,2026-06-28T21:24:49.028805+00:00,32.7,37.7,0.0,14.99,Sunny,Cairo
313,2026-06-28T22:24:49.028805+00:00,32.1,47.7,0.0,9.81,Sunny,Cairo
314,2026-06-28T23:24:49.028805+00:00,34.3,67.9,0.0,29.36,Sunny,Cairo
315,2026-06-29T00:24:49.028805+00:00,33.0,49.2,0.0,12.74,Sunny,Cairo
316,2026-06-29T01:24:49.028805+00:00,33.6,35.4,7.79,14.63,Rainy,Cairo
317,2026-06-29T02:24:49.028805+00:00,29.6,58.6,0.0,23.97,Sunny,Cairo
318,2026-06-29T03:24:49.028805+00:00,27.3,51.4,0.0,17.47,Sunny,Cairo
319,2026-06-29T04:24:49.028805+00:00,28.7,76.0,0.0,12.68,Sunny,Cairo
320,2026-06-29T05:24:49.028805+00:00,26.2,70.3,0.0,9.39,Sunny,Cairo
321,2026-06-29T06:24:49.028805+00:00,32.5,79.7,0.0,8.27,Sunny,Cairo
322,2026-06-29T07:24:49.028805+00:00,35.7,47.6,0.0,29.82,Sunny,Cairo
323,2026-06-29T08:24:49.028805+00:00,32.1,42.7,0.0,16.26,Sunny,Cairo
324,2026-06-29T09:24:49.028805+00:00,32.6,63.7,0.0,5.13,Sunny,Cairo
325,2026-06-29T10:24:49.028805+00:00,32.9,69.6,0.0,28.44,Sunny,Cairo
326,2026-06-29T11:24:49.028805+00:00,34.6,61.8,0.0,9.95,Sunny,Cairo
327,2026-06-29T12:24:49.028805+00:00,41.6,39.6,0.0,17.64,Sunny,Cairo
328,2026-06-29T13:24:49.028805+00:00,39.3,75.0,0.0,24.27,Sunny,Cairo
329,2026-06-29T14:24:49.028805+00:00,38.5,64.6,0.0,28.71,Sunny,Cairo
330,2026-06-29T15:24:49.028805+00:00,40.1,68.1,0.0,29.25,Sunny,Cairo
331,2026-06-29T16:24:49.028805+00:00,39.6,54.9,0.0,9.04,Sunny,Cairo
332,2026-06-29T17:24:49.028805+00:00,32.1,56.1,0.0,13.5,Sunny,Cairo
333,2026-06-29T18:24:49.028805+00:00,34.5,73.2,0.0,24.41,Sunny,Cairo
334,2026-06-29T19:24:49.028805+00:00,33.6,61.5,0.0,12.21,Sunny,Cairo
335,2026-06-29T20:24:49.028805+00:00,33.2,49.9,0.0,24.59,Sunny,Cairo
336,2026-06-29T21:24:49.028805+00:00,34.6,71.1,0.0,5.34,Sunny,Cairo
337,2026-06-29T22:24:49.028805+00:00,35.0,70.8,0.0,28.27,Sunny,Cairo
338,2026-06-29T23:24:49.028805+00:00,32.6,49.3,0.0,9.9,Sunny,Cairo
339,2026-06-30T00:24:49.028805+00:00,34.8,48.9,0.0,9.39,Sunny,Cairo
340,2026-06-30T01:24:49.028805+00:00,34.8,70.2,0.0,25.13,Sunny,Cairo
341,2026-06-30T02:24:49.028805+00:00,27.7,65.0,0.0,27.42,Sunny,Cairo
342,2026-06-30T03:24:49.028805+00:00,28.2,44.8,0.0,6.31,Sunny,Cairo
343,2026-06-30T04:24:49.028805+00:00,27.5,43.7,0.0,28.62,Sunny,Cairo
344,2026-06-30T05:24:49.028805+00:00,27.4,67.4,0.0,22.82,Sunny,Cairo
345,2026-06-30T06:24:49.028805+00:00,35.0,79.1,0.0,11.9,Sunny,Cairo
346,2026-06-30T07:24:49.028805+00:00,34.3,74.2,0.0,14.13,Sunny,Cairo
347,2026-06-30T08:24:49.028805+00:00,35.4,41.1,0.0,7.2,Sunny,Cairo
348,2026-06-30T09:24:49.028805+00:00,35.3,52.3,0.0,28.4,Sunny,Cairo
349,2026-06-30T10:24:49.028805+00:00,35.2,72.3,0.0,28.98,Sunny,Cairo
350,2026-06-30T11:24:49.028805+00:00,34.1,49.7,0.0,21.16,Sunny,Cairo
351,2026-06-30T12:24:49.028805+00:00,41.7,59.0,0.0,10.15,Sunny,Cairo
352,2026-06-30T13:24:49.028805+00:00,38.8,62.1,0.0,7.04,Sunny,Cairo
353,2026-06-30T14:24:49.028805+00:00,40.7,43.3,0.0,21.68,Sunny,Cairo
354,2026-06-30T15:24:49.028805+00:00,39.8,38.2,0.0,24.68,Sunny,Cairo
355,2026-06-30T16:24:49.028805+00:00,40.8,56.5,0.0,18.38,Sunny,Cairo
356,2026-06-30T17:24:49.028805+00:00,35.7,64.3,0.0,13.25,Sunny,Cairo
357,2026-06-30T18:24:49.028805+00:00,32.3,52.2,0.0,7.78,Sunny,Cairo
358,2026-06-30T19:24:49.028805+00:00,34.4,46.9,0.0,13.65,Sunny,Cairo
359,2026-06-30T20:24:49.028805+00:00,32.1,43.9,0.0,27.55,Sunny,Cairo
360,2026-06-30T21:24:49.028805+00:00,33.2,58.3,6.0,29.98,Rainy,Cairo
361,2026-06-30T22:24:49.028805+00:00,35.4,73.0,0.0,9.3,Sunny,Cairo
362,2026-06-30T23:24:49.028805+00:00,34.5,49.3,0.0,6.0,Sunny,Cairo
363,2026-07-01T00:24:49.028805+00:00,34.2,74.7,0.0,5.83,Sunny,Cairo
364,2026-07-01T01:24:49.028805+00:00,35.6,55.7,0.0,10.58,Sunny,Cairo
365,2026-07-01T02:24:49.028805+00:00,27.2,77.2,0.0,10.7,Sunny,Cairo
366,2026-07-01T03:24:49.028805+00:00,28.6,65.1,0.0,12.67,Sunny,Cairo
367,2026-07-01T04:24:49.028805+00:00,28.5,78.4,0.0,19.74,Sunny,Cairo
368,2026-07-01T05:24:49.028805+00:00,28.8,72.7,0.0,17.45,Sunny,Cairo
369,2026-07-01T06:24:49.028805+00:00,32.5,43.7,0.0,15.68,Sunny,Cairo
370,2026-07-01T07:24:49.028805+00:00,33.7,73.1,0.0,18.91,Sunny,Cairo
371,2026-07-01T08:24:49.028805+00:00,33.7,75.1,0.0,9.86,Sunny,Cairo
372,2026-07-01T09:24:49.028805+00:00,35.9,78.6,0.0,26.86,Sunny,Cairo
373,2026-07-01T10:24:49.028805+00:00,33.5,64.7,0.0,12.29,Sunny,Cairo
374,2026-07-01T11:24:49.028805+00:00,32.7,63.4,0.0,16.86,Sunny,Cairo
375,2026-07-01T12:24:49.028805+00:00,40.1,35.6,2.69,23.85,Drizzle,Cairo
376,2026-07-01T13:24:49.028805+00:00,38.5,59.8,0.0,26.98,Sunny,Cairo
377,2026-07-01T14:24:49.028805+00:00,40.8,40.7,0.0,17.07,Sunny,Cairo
378,2026-07-01T15:24:49.028805+00:00,39.1,75.8,0.0,17.49,Sunny,Cairo
379,2026-07-01T16:24:49.028805+00:00,38.1,39.9,0.0,24.08,Sunny,Cairo
380,2026-07-01T17:24:49.028805+00:00,34.9,72.8,0.0,17.76,Sunny,Cairo
381,2026-07-01T18:24:49.028805+00:00,33.9,70.9,0.0,15.78,Sunny,Cairo
382,2026-07-01T19:24:49.028805+00:00,33.1,43.4,0.0,23.98,Sunny,Cairo
383,2026-07-01T20:24:49.028805+00:00,34.6,36.2,0.0,28.66,Sunny,Cairo
384,2026-07-01T21:24:49.028805+00:00,34.9,69.7,0.0,8.25,Sunny,Cairo
385,2026-07-01T22:24:49.028805+00:00,32.1,57.7,0.0,11.04,Sunny,Cairo
386,2026-07-01T23:24:49.028805+00:00,32.2,59.2,0.0,5.49,Sunny,Cairo
387,2026-07-02T00:24:49.028805+00:00,33.0,60.3,0.0,7.57,Sunny,Cairo
388,2026-07-02T01:24:49.028805+00:00,32.5,53.6,0.0,19.76,Sunny,Cairo
389,2026-07-02T02:24:49.028805+00:00,27.5,43.7,0.0,28.02,Sunny,Cairo
390,2026-07-02T03:24:49.028805+00:00,27.2,62.2,0.0,26.8,Sunny,Cairo
391,2026-07-02T04:24:49.028805+00:00,29.7,50.2,0.0,25.01,Sunny,Cairo
392,2026-07-02T05:24:49.028805+00:00,29.1,43.8,0.0,29.58,Sunny,Cairo
393,2026-07-02T06:24:49.028805+00:00,35.4,67.3,0.0,24.92,Sunny,Cairo
394,2026-07-02T07:24:49.028805+00:00,34.9,44.7,0.0,12.77,Sunny,Cairo
395,2026-07-02T08:24:49.028805+00:00,33.4,61.8,0.0,9.64,Sunny,Cairo
396,2026-07-02T09:24:49.028805+00:00,35.8,38.2,0.0,15.93,Sunny,Cairo
397,2026-07-02T10:24:49.028805+00:00,33.0,72.0,0.0,12.69,Sunny,Cairo
398,2026-07-02T11:24:49.028805+00:00,33.5,39.0,0.0,21.95,Sunny,Cairo
399,2026-07-02T12:24:49.028805+00:00,39.7,67.0,0.0,6.18,Sunny,Cairo
400,2026-07-02T13:24:49.028805+00:00,38.1,76.7,3.28,5.46,Rainy,Cairo
401,2026-07-02T14:24:49.028805+00:00,39.0,40.4,0.0,15.17,Sunny,Cairo
402,2026-07-02T15:24:49.028805+00:00,39.0,40.9,0.0,7.41,Sunny,Cairo
403,2026-07-02T16:24:49.028805+00:00,40.4,41.9,0.0,21.14,Sunny,Cairo
404,2026-07-02T17:24:49.028805+00:00,34.0,55.5,0.0,9.16,Sunny,Cairo
405,2026-07-02T18:24:49.028805+00:00,32.1,71.8,0.0,27.89,Sunny,Cairo
406,2026-07-02T19:24:49.028805+00:00,34.6,42.5,0.0,7.73,Sunny,Cairo
407,2026-07-02T20:24:49.028805+00:00,33.6,58.7,0.0,29.7,Sunny,Cairo
408,2026-07-02T21:24:49.028805+00:00,33.8,69.1,0.0,24.93,Sunny,Cairo
409,2026-07-02T22:24:49.028805+00:00,35.1,58.8,0.0,18.29,Sunny,Cairo
410,2026-07-02T23:24:49.028805+00:00,32.1,77.7,0.0,22.47,Sunny,Cairo
411,2026-07-03T00:24:49.028805+00:00,33.9,77.4,0.0,16.39,Sunny,Cairo
412,2026-07-03T01:24:49.028805+00:00,33.0,55.3,0.0,27.18,Sunny,Cairo
413,2026-07-03T02:24:49.028805+00:00,27.2,54.0,0.0,17.88,Sunny,Cairo
414,2026-07-03T03:24:49.028805+00:00,29.9,35.7,0.0,11.5,Sunny,Cairo
415,2026-07-03T04:24:49.028805+00:00,29.7,53.9,0.0,6.31,Sunny,Cairo
416,2026-07-03T05:24:49.028805+00:00,29.9,64.2,0.0,23.61,Sunny,Cairo
417,2026-07-03T06:24:49.028805+00:00,34.5,64.5,0.0,19.48,Sunny,Cairo
418,2026-07-03T07:24:49.028805+00:00,33.9,54.8,0.0,8.17,Sunny,Cairo
419,2026-07-03T08:24:49.028805+00:00,33.3,54.3,0.0,26.13,Sunny,Cairo
420,2026-07-03T09:24:49.028805+00:00,34.1,49.8,0.0,16.0,Sunny,Cairo
421,2026-07-03T10:24:49.028805+00:00,34.5,52.4,0.0,20.0,Sunny,Cairo
422,2026-07-03T11:24:49.028805+00:00,34.0,37.8,0.0,17.18,Sunny,Cairo
423,2026-07-03T12:24:49.028805+00:00,40.2,60.5,0.0,11.74,Sunny,Cairo
424,2026-07-03T13:24:49.028805+00:00,39.5,69.5,0.0,22.27,Sunny,Cairo
425,2026-07-03T14:24:49.028805+00:00,38.5,73.8,0.0,9.17,Sunny,Cairo
426,2026-07-03T15:24:49.028805+00:00,41.5,54.9,0.0,5.17,Sunny,Cairo
427,2026-07-03T16:24:49.028805+00:00,40.2,51.5,0.0,25.66,Sunny,Cairo
428,2026-07-03T17:24:49.028805+00:00,34.0,44.9,0.0,20.74,Sunny,Cairo
429,2026-07-03T18:24:49.028805+00:00,35.7,71.8,0.0,11.91,Sunny,Cairo
430,2026-07-03T19:24:49.028805+00:00,34.4,56.3,0.0,18.77,Sunny,Cairo
431,2026-07-03T20:24:49.028805+00:00,35.1,52.3,0.0,21.86,Sunny,Cairo
432,2026-07-03T21:24:49.028805+00:00,33.4,53.0,0.0,20.87,Sunny,Cairo
433,2026-07-03T22:24:49.028805+00:00,33.2,56.5,0.0,13.48,Sunny,Cairo
434,2026-07-03T23:24:49.028805+00:00,33.0,71.5,0.0,11.18,Sunny,Cairo
435,2026-07-04T00:24:49.028805+00:00,33.3,51.1,0.0,19.79,Sunny,Cairo
436,2026-07-04T01:24:49.028805+00:00,34.6,41.5,0.0,26.4,Sunny,Cairo
437,2026-07-04T02:24:49.028805+00:00,29.2,74.7,0.0,8.69,Sunny,Cairo
438,2026-07-04T03:24:49.028805+00:00,27.5,56.3,0.0,24.52,Sunny,Cairo
439,2026-07-04T04:24:49.028805+00:00,29.1,67.8,0.0,28.36,Sunny,Cairo
440,2026-07-04T05:24:49.028805+00:00,27.6,74.0,0.0,28.98,Sunny,Cairo
441,2026-07-04T06:24:49.028805+00:00,35.5,51.4,0.0,19.36,Sunny,Cairo
442,2026-07-04T07:24:49.028805+00:00,35.8,72.7,0.52,22.97,Drizzle,Cairo
443,2026-07-04T08:24:49.028805+00:00,32.8,61.2,0.0,29.01,Sunny,Cairo
444,2026-07-04T09:24:49.028805+00:00,32.2,56.3,0.0,12.35,Sunny,Cairo
445,2026-07-04T10:24:49.028805+00:00,34.8,50.9,0.0,23.08,Sunny,Cairo
446,2026-07-04T11:24:49.028805+00:00,35.0,66.8,0.0,28.73,Sunny,Cairo
447,2026-07-04T12:24:49.028805+00:00,41.0,36.0,0.0,28.26,Sunny,Cairo
448,2026-07-04T13:24:49.028805+00:00,38.7,39.1,0.0,24.71,Sunny,Cairo
449,2026-07-04T14:24:49.028805+00:00,41.3,44.3,0.0,19.95,Sunny,Cairo
450,2026-07-04T15:24:49.028805+00:00,41.0,65.0,0.0,25.29,Sunny,Cairo
451,2026-07-04T16:24:49.028805+00:00,40.4,64.3,0.0,28.73,Sunny,Cairo
452,2026-07-04T17:24:49.028805+00:00,34.3,75.2,0.0,18.08,Sunny,Cairo
453,2026-07-04T18:24:49.028805+00:00,34.3,63.8,0.0,13.08,Sunny,Cairo
454,2026-07-04T19:24:49.028805+00:00,34.6,71.0,0.0,26.99,Sunny,Cairo
455,2026-07-04T20:24:49.028805+00:00,33.9,44.0,0.0,19.39,Sunny,Cairo
456,2026-07-04T21:24:49.028805+00:00,34.1,43.0,0.0,23.6,Sunny,Cairo
457,2026-07-04T22:24:49.028805+00:00,32.6,56.4,0.0,6.67,Sunny,Cairo
458,2026-07-04T23:24:49.028805+00:00,35.9,75.7,0.0,7.85,Sunny,Cairo
459,2026-07-05T00:24:49.028805+00:00,33.9,58.6,0.0,11.36,Sunny,Cairo
460,2026-07-05T01:24:49.028805+00:00,33.7,51.7,0.0,18.14,Sunny,Cairo
461,2026-07-05T02:24:49.028805+00:00,28.4,48.0,0.0,11.09,Sunny,Cairo
462,2026-07-05T03:24:49.028805+00:00,29.1,78.3,0.0,13.09,Sunny,Cairo
463,2026-07-05T04:24:49.028805+00:00,26.6,44.1,0.0,23.38,Sunny,Cairo
464,2026-07-05T05:24:49.028805+00:00,29.7,36.8,0.0,29.44,Sunny,Cairo
465,2026-07-05T06:24:49.028805+00:00,34.8,75.9,0.0,9.0,Sunny,Cairo
466,2026-07-05T07:24:49.028805+00:00,32.5,63.6,0.0,29.17,Sunny,Cairo
467,2026-07-05T08:24:49.028805+00:00,35.9,48.6,0.0,18.76,Sunny,Cairo
468,2026-07-05T09:24:49.028805+00:00,33.3,42.4,0.0,8.22,Sunny,Cairo
469,2026-07-05T10:24:49.028805+00:00,32.8,57.9,0.0,29.79,Sunny,Cairo
470,2026-07-05T11:24:49.028805+00:00,34.6,72.7,4.25,25.82,Rainy,Cairo
471,2026-07-05T12:24:49.028805+00:00,40.9,79.0,0.0,26.05,Sunny,Cairo
472,2026-07-05T13:24:49.028805+00:00,41.5,57.1,0.0,22.41,Sunny,Cairo
473,2026-07-05T14:24:49.028805+00:00,40.7,63.0,0.0,8.36,Sunny,Cairo
474,2026-07-05T15:24:49.028805+00:00,40.8,57.1,0.0,28.75,Sunny,Cairo
475,2026-07-05T16:24:49.028805+00:00,41.8,42.4,0.0,27.67,Sunny,Cairo
476,2026-07-05T17:24:49.028805+00:00,32.1,63.9,0.0,13.13,Sunny,Cairo
477,2026-07-05T18:24:49.028805+00:00,34.6,58.4,0.0,7.61,Sunny,Cairo
478,2026-07-05T19:24:49.028805+00:00,33.3,54.1,0.0,14.24,Sunny,Cairo
479,2026-07-05T20:24:49.028805+00:00,33.8,35.5,0.0,15.17,Sunny,Cairo
480,2026-07-05T21:24:49.028805+00:00,32.7,67.5,0.0,26.86,Sunny,Cairo
481,2026-07-05T22:24:49.028805+00:00,32.9,45.8,0.0,26.06,Sunny,Cairo
482,2026-07-05T23:24:49.028805+00:00,33.3,78.7,0.0,21.78,Sunny,Cairo
483,2026-07-06T00:24:49.028805+00:00,34.6,49.8,0.0,23.3,Sunny,Cairo
484,2026-07-06T01:24:49.028805+00:00,34.9,56.7,0.0,19.68,Sunny,Cairo
485,2026-07-06T02:24:49.028805+00:00,28.2,40.0,0.0,26.33,Sunny,Cairo
486,2026-07-06T03:24:49.028805+00:00,28.5,63.9,0.0,29.16,Sunny,Cairo
487,2026-07-06T04:24:49.028805+00:00,27.0,40.7,0.0,12.47,Sunny,Cairo
488,2026-07-06T05:24:49.028805+00:00,29.7,39.4,0.0,14.86,Sunny,Cairo
489,2026-07-06T06:24:49.028805+00:00,34.2,70.9,0.0,16.33,Sunny,Cairo
490,2026-07-06T07:24:49.028805+00:00,33.6,57.9,0.0,6.16,Sunny,Cairo
491,2026-07-06T08:24:49.028805+00:00,32.6,53.5,0.0,24.08,Sunny,Cairo
492,2026-07-06T09:24:49.028805+00:00,34.4,47.6,0.0,25.96,Sunny,Cairo
493,2026-07-06T10:24:49.028805+00:00,35.7,55.0,0.0,19.24,Sunny,Cairo
494,2026-07-06T11:24:49.028805+00:00,35.9,78.4,0.0,23.46,Sunny,Cairo
495,2026-07-06T12:24:49.028805+00:00,39.1,54.9,0.0,27.94,Sunny,Cairo
496,2026-07-06T13:24:49.028805+00:00,40.3,35.4,0.0,7.29,Sunny,Cairo
497,2026-07-06T14:24:49.028805+00:00,39.9,40.2,0.0,26.58,Sunny,Cairo
498,2026-07-06T15:24:49.028805+00:00,38.7,77.3,0.0,25.16,Sunny,Cairo
499,2026-07-06T16:24:49.028805+00:00,39.4,56.4,0.0,15.61,Sunny,Cairo
500,2026-07-06T17:24:49.028805+00:00,34.6,61.8,0.0,8.37,Sunny,Cairo
501,2026-07-06T18:24:49.028805+00:00,33.9,46.2,0.0,6.48,Sunny,Cairo
502,2026-07-06T19:24:49.028805+00:00,33.1,69.6,0.0,12.27,Sunny,Cairo
503,2026-07-06T20:24:49.028805+00:00,34.6,39.0,0.0,16.18,Sunny,Cairo
504,2026-07-06T21:24:49.028805+00:00,35.4,47.4,0.0,12.63,Sunny,Cairo
505,2026-07-06T22:24:49.028805+00:00,35.5,72.7,0.0,6.54,Sunny,Cairo
506,2026-07-06T23:24:49.028805+00:00,35.8,72.9,0.0,21.48,Sunny,Cairo
507,2026-07-07T00:24:49.028805+00:00,33.5,42.2,0.0,27.77,Sunny,Cairo
508,2026-07-07T01:24:49.028805+00:00,33.9,64.0,0.0,25.61,Sunny,Cairo
509,2026-07-07T02:24:49.028805+00:00,27.8,46.3,0.0,10.54,Sunny,Cairo
510,2026-07-07T03:24:49.028805+00:00,30.0,46.6,6.62,22.84,Rainy,Cairo
511,2026-07-07T04:24:49.028805+00:00,27.2,52.9,0.0,11.28,Sunny,Cairo
512,2026-07-07T05:24:49.028805+00:00,28.2,68.0,0.0,24.69,Sunny,Cairo
513,2026-07-07T06:24:49.028805+00:00,34.5,79.5,0.0,20.44,Sunny,Cairo
514,2026-07-07T07:24:49.028805+00:00,34.5,65.2,0.0,9.68,Sunny,Cairo
515,2026-07-07T08:24:49.028805+00:00,33.0,64.7,0.0,16.53,Sunny,Cairo
516,2026-07-07T09:24:49.028805+00:00,34.9,68.0,0.0,29.48,Sunny,Cairo
517,2026-07-07T10:24:49.028805+00:00,33.0,49.0,0.0,7.8,Sunny,Cairo
518,2026-07-07T11:24:49.028805+00:00,35.3,51.2,0.0,7.19,Sunny,Cairo
519,2026-07-07T12:24:49.028805+00:00,39.9,49.9,0.0,23.14,Sunny,Cairo
520,2026-07-07T13:24:49.028805+00:00,38.3,72.3,0.0,29.58,Sunny,Cairo
521,2026-07-07T14:24:49.028805+00:00,40.8,74.0,0.0,17.29,Sunny,Cairo
522,2026-07-07T15:24:49.028805+00:00,41.0,74.1,0.0,21.29,Sunny,Cairo
523,2026-07-07T16:24:49.028805+00:00,40.0,54.0,0.0,7.27,Sunny,Cairo
524,2026-07-07T17:24:49.028805+00:00,32.9,74.9,0.0,5.51,Sunny,Cairo
525,2026-07-07T18:24:49.028805+00:00,32.9,57.6,0.0,27.63,Sunny,Cairo
526,2026-07-07T19:24:49.028805+00:00,34.7,63.6,0.0,24.89,Sunny,Cairo
527,2026-07-07T20:24:49.028805+00:00,34.6,79.4,0.0,21.29,Sunny,Cairo
528,2026-07-07T21:24:49.028805+00:00,35.9,49.0,0.0,23.85,Sunny,Cairo
529,2026-07-07T22:24:49.028805+00:00,35.0,54.3,0.0,29.41,Sunny,Cairo
530,2026-07-07T23:24:49.028805+00:00,33.2,41.2,0.0,28.59,Sunny,Cairo
531,2026-07-08T00:24:49.028805+00:00,33.0,66.2,0.0,20.26,Sunny,Cairo
532,2026-07-08T01:24:49.028805+00:00,35.4,52.1,0.0,25.24,Sunny,Cairo
533,2026-07-08T02:24:49.028805+00:00,28.2,70.4,0.0,27.11,Sunny,Cairo
534,2026-07-08T03:24:49.028805+00:00,28.3,64.5,0.0,22.04,Sunny,Cairo
535,2026-07-08T04:24:49.028805+00:00,26.9,65.7,0.0,25.24,Sunny,Cairo
536,2026-07-08T05:24:49.028805+00:00,26.2,49.2,0.0,25.01,Sunny,Cairo
537,2026-07-08T06:24:49.028805+00:00,33.9,49.3,0.0,7.96,Sunny,Cairo
538,2026-07-08T07:24:49.028805+00:00,32.2,69.6,0.0,14.35,Sunny,Cairo
539,2026-07-08T08:24:49.028805+00:00,35.0,36.1,0.0,12.32,Sunny,Cairo
540,2026-07-08T09:24:49.028805+00:00,32.9,48.1,0.0,5.66,Sunny,Cairo
541,2026-07-08T10:24:49.028805+00:00,35.1,50.1,0.0,11.79,Sunny,Cairo
542,2026-07-08T11:24:49.028805+00:00,32.1,70.1,0.0,11.34,Sunny,Cairo
543,2026-07-08T12:24:49.028805+00:00,41.4,71.5,0.0,15.65,Sunny,Cairo
544,2026-07-08T13:24:49.028805+00:00,38.4,36.4,0.0,23.69,Sunny,Cairo
545,2026-07-08T14:24:49.028805+00:00,41.7,74.8,0.0,28.65,Sunny,Cairo
546,2026-07-08T15:24:49.028805+00:00,40.9,71.4,0.0,10.64,Sunny,Cairo
547,2026-07-08T16:24:49.028805+00:00,39.0,54.7,0.0,15.08,Sunny,Cairo
548,2026-07-08T17:24:49.028805+00:00,33.1,55.8,0.0,5.45,Sunny,Cairo
549,2026-07-08T18:24:49.028805+00:00,33.8,58.0,0.0,13.27,Sunny,Cairo
550,2026-07-08T19:24:49.028805+00:00,33.6,42.0,0.0,14.78,Sunny,Cairo
551,2026-07-08T20:24:49.028805+00:00,34.6,50.3,0.0,17.99,Sunny,Cairo
552,2026-07-08T21:24:49.028805+00:00,33.0,45.4,0.0,15.88,Sunny,Cairo
553,2026-07-08T22:24:49.028805+00:00,32.0,49.6,0.0,9.79,Sunny,Cairo
554,2026-07-08T23:24:49.028805+00:00,32.5,79.7,0.0,6.55,Sunny,Cairo
555,2026-07-09T00:24:49.028805+00:00,34.0,53.1,0.0,16.46,Sunny,Cairo
556,2026-07-09T01:24:49.028805+00:00,32.8,73.0,0.0,25.68,Sunny,Cairo
557,2026-07-09T02:24:49.028805+00:00,29.7,73.8,0.0,9.35,Sunny,Cairo
558,2026-07-09T03:24:49.028805+00:00,28.5,77.7,0.0,8.35,Sunny,Cairo
559,2026-07-09T04:24:49.028805+00:00,28.3,70.4,0.0,24.94,Sunny,Cairo
560,2026-07-09T05:24:49.028805+00:00,26.6,43.1,0.0,13.96,Sunny,Cairo
561,2026-07-09T06:24:49.028805+00:00,35.2,50.1,0.0,17.6,Sunny,Cairo
562,2026-07-09T07:24:49.028805+00:00,33.0,72.4,0.0,7.77,Sunny,Cairo
563,2026-07-09T08:24:49.028805+00:00,33.5,35.9,0.0,13.9,Sunny,Cairo
564,2026-07-09T09:24:49.028805+00:00,33.2,45.0,0.0,24.51,Sunny,Cairo
565,2026-07-09T10:24:49.028805+00:00,34.4,73.2,0.0,18.19,Sunny,Cairo
566,2026-07-09T11:24:49.028805+00:00,33.4,57.3,0.0,26.85,Sunny,Cairo
567,2026-07-09T12:24:49.028805+00:00,39.4,60.3,0.0,23.15,Sunny,Cairo
568,2026-07-09T13:24:49.028805+00:00,38.4,78.8,0.0,25.14,Sunny,Cairo
569,2026-07-09T14:24:49.028805+00:00,38.9,59.8,0.0,21.89,Sunny,Cairo
570,2026-07-09T15:24:49.028805+00:00,38.0,64.9,0.0,12.53,Sunny,Cairo
571,2026-07-09T16:24:49.028805+00:00,38.4,47.6,0.0,12.97,Sunny,Cairo
572,2026-07-09T17:24:49.028805+00:00,33.6,58.3,0.0,20.7,Sunny,Cairo
573,2026-07-09T18:24:49.028805+00:00,32.6,60.6,0.0,6.88,Sunny,Cairo
574,2026-07-09T19:24:49.028805+00:00,32.8,44.4,0.0,18.17,Sunny,Cairo
575,2026-07-09T20:24:49.028805+00:00,32.5,65.8,0.0,10.99,Sunny,Cairo
576,2026-07-09T21:24:49.028805+00:00,33.0,44.2,0.0,20.04,Sunny,Cairo
577,2026-07-09T22:24:49.028805+00:00,33.4,66.9,0.0,11.29,Sunny,Cairo
578,2026-07-09T23:24:49.028805+00:00,32.5,75.0,0.0,23.63,Sunny,Cairo
579,2026-07-10T00:24:49.028805+00:00,34.5,69.9,0.0,26.14,Sunny,Cairo
580,2026-07-10T01:24:49.028805+00:00,33.2,48.2,0.0,8.64,Sunny,Cairo
581,2026-07-10T02:24:49.028805+00:00,27.0,44.8,0.0,13.04,Sunny,Cairo
582,2026-07-10T03:24:49.028805+00:00,29.7,56.3,0.0,16.98,Sunny,Cairo
583,2026-07-10T04:24:49.028805+00:00,30.0,68.8,0.0,14.01,Sunny,Cairo
584,2026-07-10T05:24:49.028805+00:00,29.1,77.0,0.0,27.76,Sunny,Cairo
585,2026-07-10T06:24:49.028805+00:00,34.8,52.0,0.0,6.51,Sunny,Cairo
586,2026-07-10T07:24:49.028805+00:00,33.3,56.5,0.0,28.98,Sunny,Cairo
587,2026-07-10T08:24:49.028805+00:00,33.9,40.9,0.0,26.02,Sunny,Cairo
588,2026-07-10T09:24:49.028805+00:00,34.0,72.5,0.0,14.07,Sunny,Cairo
589,2026-07-10T10:24:49.028805+00:00,34.2,75.9,0.0,28.4,Sunny,Cairo
590,2026-07-10T11:24:49.028805+00:00,33.2,56.6,0.0,21.06,Sunny,Cairo
591,2026-07-10T12:24:49.028805+00:00,41.9,64.6,0.0,29.71,Sunny,Cairo
592,2026-07-10T13:24:49.028805+00:00,40.2,44.4,0.0,8.37,Sunny,Cairo
593,2026-07-10T14:24:49.028805+00:00,38.4,38.7,0.0,17.36,Sunny,Cairo
594,2026-07-10T15:24:49.028805+00:00,40.2,36.0,0.0,20.55,Sunny,Cairo
595,2026-07-10T16:24:49.028805+00:00,40.1,48.1,0.0,8.03,Sunny,Cairo
596,2026-07-10T17:24:49.028805+00:00,32.1,46.1,0.0,23.03,Sunny,Cairo
597,2026-07-10T18:24:49.028805+00:00,34.6,79.6,0.0,26.11,Sunny,Cairo
598,2026-07-10T19:24:49.028805+00:00,35.2,57.9,0.0,13.26,Sunny,Cairo
599,2026-07-10T20:24:49.028805+00:00,33.8,58.1,0.0,12.79,Sunny,Cairo
600,2026-07-10T21:24:49.028805+00:00,34.9,45.2,0.0,19.2,Sunny,Cairo
601,2026-07-10T22:24:49.028805+00:00,33.5,45.6,0.0,13.78,Sunny,Cairo
602,2026-07-10T23:24:49.028805+00:00,32.4,72.5,0.0,15.14,Sunny,Cairo
603,2026-07-11T00:24:49.028805+00:00,35.1,69.1,0.0,29.26,Sunny,Cairo
604,2026-07-11T01:24:49.028805+00:00,34.8,56.8,0.0,23.21,Sunny,Cairo
605,2026-07-11T02:24:49.028805+00:00,28.7,77.7,0.0,8.88,Sunny,Cairo
606,2026-07-11T03:24:49.028805+00:00,26.3,50.5,0.0,21.02,Sunny,Cairo
607,2026-07-11T04:24:49.028805+00:00,27.7,41.2,0.0,27.49,Sunny,Cairo
608,2026-07-11T05:24:49.028805+00:00,26.2,44.8,6.36,26.74,Rainy,Cairo
609,2026-07-11T06:24:49.028805+00:00,34.0,53.8,0.0,21.58,Sunny,Cairo
610,2026-07-11T07:24:49.028805+00:00,34.0,60.0,0.0,13.02,Sunny,Cairo
611,2026-07-11T08:24:49.028805+00:00,32.8,63.7,0.0,7.1,Sunny,Cairo
612,2026-07-11T09:24:49.028805+00:00,34.8,47.4,0.0,18.58,Sunny,Cairo
613,2026-07-11T10:24:49.028805+00:00,32.2,55.7,0.0,24.45,Sunny,Cairo
614,2026-07-11T11:24:49.028805+00:00,32.9,54.9,0.0,16.37,Sunny,Cairo
615,2026-07-11T12:24:49.028805+00:00,38.4,39.9,0.0,29.26,Sunny,Cairo
616,2026-07-11T13:24:49.028805+00:00,41.2,69.7,0.0,24.54,Sunny,Cairo
617,2026-07-11T14:24:49.028805+00:00,40.4,61.0,0.0,16.58,Sunny,Cairo
618,2026-07-11T15:24:49.028805+00:00,41.1,65.8,0.0,7.59,Sunny,Cairo
619,2026-07-11T16:24:49.028805+00:00,41.7,62.3,0.0,22.47,Sunny,Cairo
620,2026-07-11T17:24:49.028805+00:00,32.1,73.4,0.0,27.59,Sunny,Cairo
621,2026-07-11T18:24:49.028805+00:00,35.7,61.8,0.0,22.67,Sunny,Cairo
622,2026-07-11T19:24:49.028805+00:00,32.2,36.0,0.0,7.95,Sunny,Cairo
623,2026-07-11T20:24:49.028805+00:00,35.9,70.7,0.0,13.33,Sunny,Cairo
624,2026-07-11T21:24:49.028805+00:00,33.1,41.1,0.0,29.43,Sunny,Cairo
625,2026-07-11T22:24:49.028805+00:00,34.5,44.3,0.0,29.52,Sunny,Cairo
626,2026-07-11T23:24:49.028805+00:00,34.7,40.9,0.0,23.94,Sunny,Cairo
627,2026-07-12T00:24:49.028805+00:00,32.6,46.2,0.0,16.71,Sunny,Cairo
628,2026-07-12T01:24:49.028805+00:00,36.0,78.1,0.0,7.79,Sunny,Cairo
629,2026-07-12T02:24:49.028805+00:00,27.9,63.9,0.0,9.95,Sunny,Cairo
630,2026-07-12T03:24:49.028805+00:00,29.0,60.1,0.0,8.66,Sunny,Cairo
631,2026-07-12T04:24:49.028805+00:00,26.6,62.5,0.0,14.77,Sunny,Cairo
632,2026-07-12T05:24:49.028805+00:00,27.5,45.1,0.0,11.03,Sunny,Cairo
633,2026-07-12T06:24:49.028805+00:00,33.7,61.7,0.0,7.15,Sunny,Cairo
634,2026-07-12T07:24:49.028805+00:00,35.1,75.6,0.0,26.08,Sunny,Cairo
635,2026-07-12T08:24:49.028805+00:00,35.9,70.2,0.0,28.61,Sunny,Cairo
636,2026-07-12T09:24:49.028805+00:00,32.6,41.7,0.0,10.26,Sunny,Cairo
637,2026-07-12T10:24:49.028805+00:00,32.6,75.0,0.0,9.94,Sunny,Cairo
638,2026-07-12T11:24:49.028805+00:00,33.8,56.4,0.0,25.67,Sunny,Cairo
639,2026-07-12T12:24:49.028805+00:00,39.2,68.4,0.0,21.6,Sunny,Cairo
640,2026-07-12T13:24:49.028805+00:00,41.4,37.6,0.0,14.25,Sunny,Cairo
641,2026-07-12T14:24:49.028805+00:00,40.2,36.0,0.0,18.0,Sunny,Cairo
642,2026-07-12T15:24:49.028805+00:00,42.0,79.7,0.0,22.47,Sunny,Cairo
643,2026-07-12T16:24:49.028805+00:00,38.2,57.0,0.0,20.4,Sunny,Cairo
644,2026-07-12T17:24:49.028805+00:00,33.8,37.0,0.0,22.83,Sunny,Cairo
645,2026-07-12T18:24:49.028805+00:00,32.5,57.7,4.86,25.07,Rainy,Cairo
646,2026-07-12T19:24:49.028805+00:00,32.5,54.3,0.0,11.45,Sunny,Cairo
647,2026-07-12T20:24:49.028805+00:00,33.0,44.7,0.0,24.81,Sunny,Cairo
648,2026-07-12T21:24:49.028805+00:00,34.8,55.4,0.0,8.1,Sunny,Cairo
649,2026-07-12T22:24:49.028805+00:00,33.4,68.1,0.0,13.6,Sunny,Cairo
650,2026-07-12T23:24:49.028805+00:00,34.6,79.1,0.0,21.43,Sunny,Cairo
651,2026-07-13T00:24:49.028805+00:00,32.9,71.5,0.0,13.73,Sunny,Cairo
652,2026-07-13T01:24:49.028805+00:00,35.9,50.7,0.0,13.63,Sunny,Cairo
653,2026-07-13T02:24:49.028805+00:00,28.7,57.6,0.0,24.87,Sunny,Cairo
654,2026-07-13T03:24:49.028805+00:00,28.2,37.9,0.0,9.35,Sunny,Cairo
655,2026-07-13T04:24:49.028805+00:00,26.9,46.6,0.0,9.9,Sunny,Cairo
656,2026-07-13T05:24:49.028805+00:00,27.0,36.6,0.0,6.67,Sunny,Cairo
657,2026-07-13T06:24:49.028805+00:00,34.9,59.8,0.0,9.2,Sunny,Cairo
658,2026-07-13T07:24:49.028805+00:00,35.7,39.7,0.0,15.88,Sunny,Cairo
659,2026-07-13T08:24:49.028805+00:00,34.8,44.0,0.0,25.01,Sunny,Cairo
660,2026-07-13T09:24:49.028805+00:00,32.4,41.4,0.0,26.33,Sunny,Cairo
661,2026-07-13T10:24:49.028805+00:00,33.4,39.6,0.0,29.34,Sunny,Cairo
662,2026-07-13T11:24:49.028805+00:00,32.4,47.6,0.0,21.9,Sunny,Cairo
663,2026-07-13T12:24:49.028805+00:00,38.7,50.8,0.0,16.75,Sunny,Cairo
664,2026-07-13T13:24:49.028805+00:00,39.5,42.8,0.0,24.3,Sunny,Cairo
665,2026-07-13T14:24:49.028805+00:00,39.1,38.3,0.0,24.36,Sunny,Cairo
666,2026-07-13T15:24:49.028805+00:00,40.2,49.1,0.0,26.2,Sunny,Cairo
667,2026-07-13T16:24:49.028805+00:00,38.4,38.8,0.0,20.94,Sunny,Cairo
668,2026-07-13T17:24:49.028805+00:00,32.6,71.2,0.0,19.85,Sunny,Cairo
669,2026-07-13T18:24:49.028805+00:00,33.0,63.7,0.0,18.04,Sunny,Cairo
670,2026-07-13T19:24:49.028805+00:00,35.9,51.8,0.0,12.03,Sunny,Cairo
671,2026-07-13T20:24:49.028805+00:00,35.5,75.6,0.0,23.59,Sunny,Cairo
672,2026-07-13T21:24:49.028805+00:00,32.4,70.5,0.0,15.57,Sunny,Cairo
673,2026-07-13T22:24:49.028805+00:00,35.7,46.0,0.0,21.83,Sunny,Cairo
674,2026-07-13T23:24:49.028805+00:00,34.0,70.4,0.0,20.15,Sunny,Cairo
675,2026-07-14T00:24:49.028805+00:00,35.5,56.8,0.0,8.17,Sunny,Cairo
676,2026-07-14T01:24:49.028805+00:00,34.2,62.9,0.0,12.55,Sunny,Cairo
677,2026-07-14T02:24:49.028805+00:00,27.4,52.1,0.0,5.29,Sunny,Cairo
678,2026-07-14T03:24:49.028805+00:00,26.3,73.2,0.0,5.99,Sunny,Cairo
679,2026-07-14T04:24:49.028805+00:00,29.1,40.5,4.78,11.13,Rainy,Cairo
680,2026-07-14T05:24:49.028805+00:00,26.9,67.6,0.0,24.74,Sunny,Cairo
681,2026-07-14T06:24:49.028805+00:00,32.4,45.0,0.0,22.18,Sunny,Cairo
682,2026-07-14T07:24:49.028805+00:00,32.7,58.8,0.0,26.9,Sunny,Cairo
683,2026-07-14T08:24:49.028805+00:00,32.7,53.0,0.0,14.55,Sunny,Cairo
684,2026-07-14T09:24:49.028805+00:00,33.5,37.9,0.0,19.3,Sunny,Cairo
685,2026-07-14T10:24:49.028805+00:00,33.1,59.8,0.0,8.21,Sunny,Cairo
686,2026-07-14T11:24:49.028805+00:00,33.6,79.7,0.0,25.42,Sunny,Cairo
687,2026-07-14T12:24:49.028805+00:00,40.5,79.4,0.0,13.2,Sunny,Cairo
688,2026-07-14T13:24:49.028805+00:00,38.6,54.1,0.0,22.48,Sunny,Cairo
689,2026-07-14T14:24:49.028805+00:00,38.8,50.2,0.0,22.67,Sunny,Cairo
690,2026-07-14T15:24:49.028805+00:00,40.3,35.4,0.0,24.25,Sunny,Cairo
691,2026-07-14T16:24:49.028805+00:00,39.3,54.5,0.0,21.81,Sunny,Cairo
692,2026-07-14T17:24:49.028805+00:00,33.5,45.3,0.0,23.88,Sunny,Cairo
693,2026-07-14T18:24:49.028805+00:00,34.7,38.1,0.0,29.31,Sunny,Cairo
694,2026-07-14T19:24:49.028805+00:00,32.2,68.4,0.0,12.7,Sunny,Cairo
695,2026-07-14T20:24:49.028805+00:00,33.2,61.3,0.0,12.88,Sunny,Cairo
696,2026-07-14T21:24:49.028805+00:00,33.5,78.2,0.0,19.1,Sunny,Cairo
697,2026-07-14T22:24:49.028805+00:00,35.5,49.9,0.0,9.34,Sunny,Cairo
698,2026-07-14T23:24:49.028805+00:00,35.2,76.1,0.0,26.1,Sunny,Cairo
699,2026-07-15T00:24:49.028805+00:00,34.0,48.4,0.0,24.31,Sunny,Cairo
700,2026-07-15T01:24:49.028805+00:00,32.3,49.5,0.0,15.49,Sunny,Cairo
701,2026-07-15T02:24:49.028805+00:00,27.7,41.2,0.0,26.8,Sunny,Cairo
702,2026-07-15T03:24:49.028805+00:00,30.0,59.0,0.0,5.29,Sunny,Cairo
703,2026-07-15T04:24:49.028805+00:00,26.7,61.3,0.0,10.93,Sunny,Cairo
704,2026-07-15T05:24:49.028805+00:00,27.8,68.1,0.0,5.74,Sunny,Cairo
705,2026-07-15T06:24:49.028805+00:00,32.9,55.5,0.0,14.43,Sunny,Cairo
706,2026-07-15T07:24:49.028805+00:00,33.0,39.8,0.0,19.08,Sunny,Cairo
707,2026-07-15T08:24:49.028805+00:00,32.7,68.6,0.0,23.97,Sunny,Cairo
708,2026-07-15T09:24:49.028805+00:00,32.7,39.3,0.0,13.0,Sunny,Cairo
709,2026-07-15T10:24:49.028805+00:00,32.1,51.1,0.0,17.8,Sunny,Cairo
710,2026-07-15T11:24:49.028805+00:00,33.3,43.0,0.0,21.69,Sunny,Cairo
711,2026-07-15T12:24:49.028805+00:00,38.8,68.9,0.0,5.34,Sunny,Cairo
712,2026-07-15T13:24:49.028805+00:00,41.2,66.8,0.0,29.9,Sunny,Cairo
713,2026-07-15T14:24:49.028805+00:00,41.7,79.2,0.0,26.38,Sunny,Cairo
714,2026-07-15T15:24:49.028805+00:00,40.8,79.2,0.0,17.73,Sunny,Cairo
715,2026-07-15T16:24:49.028805+00:00,39.7,62.6,0.0,11.4,Sunny,Cairo
716,2026-07-15T17:24:49.028805+00:00,33.5,71.0,0.0,25.51,Sunny,Cairo
717,2026-07-15T18:24:49.028805+00:00,33.3,73.3,0.0,12.79,Sunny,Cairo
718,2026-07-15T19:24:49.028805+00:00,33.1,47.3,0.0,5.53,Sunny,Cairo
719,2026-07-15T20:24:49.028805+00:00,33.4,53.3,0.0,5.48,Sunny,Cairo
720,2026-07-15T21:24:49.028805+00:00,32.5,72.1,0.0,11.31,Sunny,Cairo
721,2026-07-15T22:24:49.028805+00:00,32.3,77.3,0.0,5.87,Sunny,Cairo
